-- phpMyAdmin SQL Dump
-- version 4.5.1
-- http://www.phpmyadmin.net
--
-- Host: 127.0.0.1
-- Generation Time: Jan 02, 2018 at 10:01 AM
-- Server version: 10.1.19-MariaDB
-- PHP Version: 7.0.13

SET SQL_MODE = "NO_AUTO_VALUE_ON_ZERO";
SET time_zone = "+00:00";


/*!40101 SET @OLD_CHARACTER_SET_CLIENT=@@CHARACTER_SET_CLIENT */;
/*!40101 SET @OLD_CHARACTER_SET_RESULTS=@@CHARACTER_SET_RESULTS */;
/*!40101 SET @OLD_COLLATION_CONNECTION=@@COLLATION_CONNECTION */;
/*!40101 SET NAMES utf8mb4 */;

--
-- Database: `svs`
--

-- --------------------------------------------------------

--
-- Table structure for table `backend_users`
--

CREATE TABLE `backend_users` (
  `id` int(11) NOT NULL,
  `name` varchar(100) COLLATE utf8_unicode_ci NOT NULL,
  `password` varchar(100) COLLATE utf8_unicode_ci NOT NULL,
  `email` varchar(100) COLLATE utf8_unicode_ci NOT NULL,
  `phone` varchar(50) COLLATE utf8_unicode_ci NOT NULL,
  `image` varchar(100) COLLATE utf8_unicode_ci DEFAULT NULL,
  `role_id` int(11) DEFAULT NULL,
  `language_id` int(11) DEFAULT NULL,
  `is_active` tinyint(1) NOT NULL,
  `code_generator` varchar(50) COLLATE utf8_unicode_ci NOT NULL,
  `created_at` datetime NOT NULL,
  `updated_at` datetime NOT NULL,
  `deleted_at` datetime DEFAULT NULL
) ENGINE=InnoDB DEFAULT CHARSET=utf8 COLLATE=utf8_unicode_ci;

--
-- Dumping data for table `backend_users`
--

INSERT INTO `backend_users` (`id`, `name`, `password`, `email`, `phone`, `image`, `role_id`, `language_id`, `is_active`, `code_generator`, `created_at`, `updated_at`, `deleted_at`) VALUES
(1, 'yasser ebid', '21232f297a57a5a743894a0e4a801fc3', 'yasser.ebid@media-sci.com', '01285842009', NULL, 1, 1, 1, '123-55', '2017-08-27 06:23:25', '2017-08-28 08:51:48', NULL),
(2, 'admin', '21232f297a57a5a743894a0e4a801fc3', 'admin@admin.com', '01111761743', '929.85475.png', 3, 1, 1, '$wd!ptve7', '2017-08-28 08:26:59', '2017-12-27 23:51:08', NULL),
(3, 'Sherif', '781e5e245d69b566979b86e28d23f2c7', 'testing@test.com', '01524587485965', '2444.712999.jpg', 1, NULL, 1, '9i46gum7o', '2017-12-28 08:56:19', '2017-12-28 08:56:19', NULL),
(4, 'Omar', 'fa9f0e4c4bf0d5ed7510e957c76f1cda', 'o.said@egyptfoodsgroup.com', '01277736803', '224.929192.png', 5, NULL, 1, '01je868cd', '2018-01-01 12:32:29', '2018-01-01 14:52:27', NULL);

-- --------------------------------------------------------

--
-- Table structure for table `checkdate`
--

CREATE TABLE `checkdate` (
  `id` int(11) NOT NULL,
  `date` date NOT NULL,
  `done` tinyint(2) NOT NULL COMMENT '0 for not done , 1 for done'
) ENGINE=InnoDB DEFAULT CHARSET=utf8;

--
-- Dumping data for table `checkdate`
--

INSERT INTO `checkdate` (`id`, `date`, `done`) VALUES
(1, '2018-01-02', 0);

-- --------------------------------------------------------

--
-- Table structure for table `cpanel`
--

CREATE TABLE `cpanel` (
  `id` int(11) NOT NULL,
  `ip` varchar(300) COLLATE utf8_unicode_ci NOT NULL,
  `domain` varchar(300) COLLATE utf8_unicode_ci NOT NULL,
  `username` varchar(200) COLLATE utf8_unicode_ci NOT NULL,
  `password` varchar(200) COLLATE utf8_unicode_ci NOT NULL,
  `port` varchar(100) COLLATE utf8_unicode_ci NOT NULL,
  `created_by` int(11) NOT NULL,
  `created_at` datetime NOT NULL,
  `updated_at` datetime NOT NULL
) ENGINE=InnoDB DEFAULT CHARSET=utf8 COLLATE=utf8_unicode_ci;

-- --------------------------------------------------------

--
-- Table structure for table `image_manager`
--

CREATE TABLE `image_manager` (
  `id` int(10) UNSIGNED NOT NULL,
  `name` varchar(191) COLLATE utf8mb4_unicode_ci NOT NULL,
  `content` varchar(191) COLLATE utf8mb4_unicode_ci NOT NULL,
  `alt` varchar(191) COLLATE utf8mb4_unicode_ci DEFAULT NULL,
  `created_at` timestamp NULL DEFAULT NULL,
  `updated_at` timestamp NULL DEFAULT NULL
) ENGINE=InnoDB DEFAULT CHARSET=utf8mb4 COLLATE=utf8mb4_unicode_ci;

-- --------------------------------------------------------

--
-- Table structure for table `kpis`
--

CREATE TABLE `kpis` (
  `id` int(11) NOT NULL,
  `name_en` varchar(255) NOT NULL,
  `name_ar` varchar(255) NOT NULL,
  `type` tinyint(2) NOT NULL DEFAULT '0' COMMENT '0 for packaging , 1 for manufacture',
  `percentage` tinyint(2) NOT NULL COMMENT ' 0 for not percantage , 1 for a percentage value',
  `input` tinyint(2) NOT NULL DEFAULT '0' COMMENT '0 for input , 1 for equation',
  `equation_morning` varchar(255) DEFAULT NULL,
  `equation_afternoon` varchar(255) NOT NULL,
  `equation_night` varchar(255) NOT NULL,
  `equation_daily` varchar(255) NOT NULL,
  `date` date NOT NULL
) ENGINE=InnoDB DEFAULT CHARSET=utf8;

--
-- Dumping data for table `kpis`
--

INSERT INTO `kpis` (`id`, `name_en`, `name_ar`, `type`, `percentage`, `input`, `equation_morning`, `equation_afternoon`, `equation_night`, `equation_daily`, `date`) VALUES
(1, 'Packaging Availible time (Hour )', ' وقت اتاحة التغليف بالساعة', 0, 0, 1, 'I4+I7', 'J4+J7', 'K4+K7', 'L4+L7', '2017-12-07'),
(2, 'Packaging Net operating time (Hour)', 'وقت التشغيل الفعلى بالتغليف بالساعة', 0, 0, 0, 'C4+F4', 'D4+G4', 'E4+H4', 'I4+J4+K4', '2017-12-07'),
(3, 'Packaging Total Down times (Hour)', 'اجمالى مدة التوقفات بالساعة', 0, 0, 1, NULL, '', '', '', '2017-12-07'),
(4, 'Packaging  Planned Down times (Hour)', 'التوقفات المخططة للتغليف  بالساعة', 0, 0, 0, NULL, '', '', '', '2017-12-07'),
(5, 'Packaging  Un Planned Down times (Hour)', 'التوقفات غير المخططة  للتغليف بالساعة', 0, 0, 0, NULL, '', '', '', '2017-12-07'),
(6, 'Packaging Theo; Production Box', 'كمية انتاج الكرتون النظرية', 0, 0, 0, NULL, '', '', '', '2017-12-07'),
(7, 'Packaging Actual production Box', 'الانتاج الفعلى بالكرتونة', 0, 0, 0, NULL, '', '', '', '2017-12-07'),
(8, 'Packaging Production Efficiency %', ' كفاءة الانتاج %', 0, 1, 1, '', '', '', '', '2017-12-07'),
(9, 'Packaging  Accepted products (Bags) %', ' المنتج المقبول %', 0, 1, 0, NULL, '', '', '', '2017-12-07'),
(10, 'Packaging  Over weight bags %', 'أكياس زائدة الوزن %', 0, 1, 0, NULL, '', '', '', '2017-12-07'),
(11, 'Packaging  Under weight bags %', 'أكياس خفيفة الوزن % ', 0, 1, 0, NULL, '', '', '', '2017-12-07'),
(12, 'Packaging  Availibilty %', 'اتاحة التغليف % ', 0, 1, 1, NULL, '', '', '', '2017-12-07'),
(13, 'Packaging  Performance %', 'أداء التغليف %', 0, 1, 0, NULL, '', '', '', '2017-12-07'),
(14, 'Packaging  Quality %', ' جودة التغليف % ', 0, 1, 0, NULL, '', '', '', '2017-12-07'),
(15, 'Packaging  OEE %', 'معامل الكفاءة الكلية للمعدة %', 0, 1, 1, NULL, '', '', '', '2017-12-07'),
(16, 'Packaging  EOR%', 'معدل  عمليات المعدات %', 0, 1, 1, NULL, '', '', '', '2017-12-07'),
(17, 'Packaging  Theo;Productivity Chips total weight (Ton)', 'كمية الشيبس النظرية بالطن', 0, 0, 0, NULL, '', '', '', '2017-12-07'),
(18, 'Packaging  Actual chips total weight(Ton)', 'كمية الشيبس الفعلية بالطن', 0, 0, 0, NULL, '', '', '', '2017-12-07'),
(19, 'Packaging  Chips weight devaition(Ton)', 'فرق وزن الشيبس الفعلى عن النظرى بالطن', 0, 0, 1, NULL, '', '', '', '2017-12-07'),
(20, 'Packaging Chips total give away Target (Ton) ', 'هدف فاقد الشيبس بالطن ', 0, 0, 0, NULL, '', '', '', '2017-12-07'),
(21, 'Packaging Actual Chips total give away (Ton) ', 'كمية فاقد الشيبس الفعلية ', 0, 0, 0, NULL, '', '', '', '2017-12-07'),
(22, 'Packaging Chips total give away Target Deviation (kg) ', 'انحراف الفاقد عن الهدف بالطن', 0, 0, 1, NULL, '', '', '', '2017-12-07'),
(23, 'Packaging Give away (Ton)', 'فاقد الشيبس بالوزن المقبول بالطن', 0, 0, 0, NULL, '', '', '', '2017-12-07'),
(24, 'Packaging Over weight chips (Ton)', 'فاقد الشيبس بالوزن الزائد عن السماحية المطبوعة بالطن', 0, 0, 0, NULL, '', '', '', '2017-12-07'),
(25, 'Packaging Accepted proucts weight(Ton)', 'وزن الشيبس المقبول بالطن ', 0, 0, 1, NULL, '', '', '', '2017-12-07'),
(26, 'Packaging Chips total give away  oil deviation (Ton) ', 'انحراف الزيت بفاقد الشيبس بالطن ', 0, 0, 0, NULL, '', '', '', '2017-12-07'),
(27, 'Packaging Chips total give away Flavor deviation (Ton) ', 'انحراف الطعم بفاقد الشيبس بالطن', 0, 0, 0, NULL, '', '', '', '2017-12-07'),
(28, 'Packaging Chips total give away %', 'نسبة فاقد الشيبس % ', 0, 1, 1, NULL, '', '', '', '2017-12-07'),
(29, 'Packaging Over weight chips %', 'نسبة فاقد الشيبس % ', 0, 1, 1, NULL, '', '', '', '2017-12-07'),
(30, 'Packaging Give away %', 'نسبة فاقد الشيبس %', 0, 1, 1, NULL, '', '', '', '2017-12-07'),
(31, ' Packaging Film roll waste %', 'هالك ورق التغليف %', 0, 1, 0, NULL, '', '', '', '2017-12-07'),
(32, 'Manufacture Line Availible Time (hrs)', 'وقت اتاحة التصنيع', 1, 0, 1, NULL, '', '', '', '2017-12-07'),
(33, 'Manufacture Line Operating Time (hrs)', 'وقت التشغيل الفعلى بالتصنيع بالساعة', 1, 0, 0, NULL, '', '', '', '2017-12-07'),
(34, 'Manufacture Lines down times (hrs)', 'اجمالى مدة التوقفات بالساعة', 1, 0, 1, NULL, '', '', '', '2017-12-07'),
(35, 'Manufacture Line Planned Down Times (hrs)', 'التوقفات المخططة للتصنيع  بالساعة', 1, 0, 0, NULL, '', '', '', '2017-12-07'),
(36, 'Manufacture Line Unplanned Down Times  (hrs)', 'التوقفات غير المخططة للتصنيع بالساعة', 1, 0, 0, NULL, '', '', '', '2017-12-07'),
(37, 'Potato Amount (ton)', 'كمية البطاطس من العداد الخلفى  بالطن ', 1, 0, 0, NULL, '', '', '', '2017-12-07'),
(38, 'Chips  Waste (ton)', 'كمية هالك الشيبس بالطن', 1, 0, 0, NULL, '', '', '', '2017-12-07'),
(39, 'Manufacture  Fryer Feeding design amount (ton)', 'تصميم الشيبس الخارج من الخط', 1, 0, 1, NULL, '', '', '', '2017-12-07'),
(40, 'Manufacture Conversion Rate (1) General', 'معامل التحويل العام ', 1, 0, 1, NULL, '', '', '', '2017-12-07'),
(41, 'Manufacture Conversion Rate (2) VS BOM', 'معامل التحويل العام = ( كمية البطاطس \\ كمية الشيبس بالمواصفة  )', 1, 0, 1, NULL, '', '', '', '2017-12-07'),
(42, 'Manufacture Conversion Rate (3)with line out of production amount ', 'معامل التحويل العام = ( كمية البطاطس \\ كمية الشيبس مضافا اليها كمية شيبس وقت خروج الخط   )', 1, 0, 0, NULL, '', '', '', '2017-12-07'),
(43, 'Manufacture Conversion Rate (4) with out total give away ', 'معامل التحويل العام = ( كمية البطاطس \\ كمية الشيبس - كمية فاقد الشيبس   )', 1, 0, 1, NULL, '', '', '', '2017-12-07'),
(44, 'Manufacture Line Availibilty %', 'اتاحة التصنيع % ', 1, 1, 1, NULL, '', '', '', '2017-12-07'),
(45, 'Manufacture Line Performance %', 'أداء التصنيع % ', 1, 1, 1, NULL, '', '', '', '2017-12-07'),
(46, 'Manufacture Line Quailty %', ' جودة التصنيع  %', 1, 1, 1, NULL, '', '', '', '2017-12-07'),
(47, 'Manufacture Line OEE%', 'معامل الكفاءة الكلية للمعدة % ', 1, 1, 1, NULL, '', '', '', '2017-12-07'),
(48, 'Manufacture Line EOR%', 'معدل  عمليات المعدات %', 1, 1, 1, NULL, '', '', '', '2017-12-07'),
(49, 'Manufacture Utilization  Rate %', 'معدل الاستخدام % ', 1, 1, 1, NULL, '', '', '', '2017-12-07'),
(50, 'Manufacture Slicing Efficiency %', 'كفاءة السليسرات % ', 1, 1, 0, NULL, '', '', '', '2017-12-07');

-- --------------------------------------------------------

--
-- Table structure for table `kpis_values`
--

CREATE TABLE `kpis_values` (
  `id` double NOT NULL,
  `line_id` int(11) NOT NULL,
  `shift` tinyint(2) NOT NULL DEFAULT '0' COMMENT '0 for morning , 1 for afternoon , 2 for night',
  `kpi_id` int(11) NOT NULL,
  `kpi_value` float NOT NULL,
  `date` date NOT NULL
) ENGINE=InnoDB DEFAULT CHARSET=utf8;

--
-- Dumping data for table `kpis_values`
--

INSERT INTO `kpis_values` (`id`, `line_id`, `shift`, `kpi_id`, `kpi_value`, `date`) VALUES
(1, 1, 0, 2, 179, '2017-12-27'),
(2, 1, 0, 4, 23, '2017-12-27'),
(3, 1, 0, 5, 22, '2017-12-27'),
(4, 1, 0, 6, 75368, '2017-12-27'),
(5, 1, 0, 7, 59914, '2017-12-27'),
(6, 1, 0, 9, 91.67, '2017-12-27'),
(7, 1, 0, 10, 8.33, '2017-12-27'),
(8, 1, 0, 11, 0, '2017-12-27'),
(9, 1, 0, 13, 80.08, '2017-12-27'),
(10, 1, 0, 14, 99.52, '2017-12-27'),
(11, 1, 0, 17, 19.543, '2017-12-27'),
(12, 1, 0, 18, 20.846, '2017-12-27'),
(13, 1, 0, 20, 0.593, '2017-12-27'),
(14, 1, 0, 21, 0.605, '2017-12-27'),
(15, 1, 0, 23, 0.582, '2017-12-27'),
(16, 1, 0, 24, 0.0224, '2017-12-27'),
(17, 1, 0, 26, 0.22, '2017-12-27'),
(18, 1, 0, 27, 0.0313, '2017-12-27'),
(19, 1, 0, 31, 0.48, '2017-12-27'),
(20, 1, 0, 33, 8, '2017-12-27'),
(21, 1, 0, 35, 0, '2017-12-27'),
(22, 1, 0, 36, 0, '2017-12-27'),
(23, 1, 0, 37, 66.7, '2017-12-27'),
(24, 1, 0, 38, 0.371, '2017-12-27'),
(25, 1, 0, 42, 3.2, '2017-12-27'),
(26, 1, 0, 50, 93, '2017-12-27'),
(27, 1, 0, 1, 201, '2017-12-27'),
(28, 1, 0, 3, 45, '2017-12-27'),
(29, 1, 0, 8, 79.5, '2017-12-27'),
(30, 1, 0, 12, 89.05, '2017-12-27'),
(31, 1, 0, 15, 70.97, '2017-12-27'),
(32, 1, 0, 16, 71.31, '2017-12-27'),
(33, 1, 0, 19, 1.31, '2017-12-27'),
(34, 1, 0, 22, 0.02, '2017-12-27'),
(35, 1, 0, 25, 20.83, '2017-12-27'),
(36, 1, 0, 28, 2.93, '2017-12-27'),
(37, 1, 0, 29, 0.1, '2017-12-27'),
(38, 1, 0, 30, 2.78, '2017-12-27'),
(39, 1, 0, 32, 8, '2017-12-27'),
(40, 1, 0, 34, 0, '2017-12-27'),
(41, 1, 0, 39, 25.6, '2017-12-27'),
(42, 1, 0, 40, 3.41, '2017-12-27'),
(43, 1, 0, 41, 3.2, '2017-12-27'),
(44, 1, 0, 43, 329.55, '2017-12-27'),
(45, 1, 0, 44, 100, '2017-12-27'),
(46, 1, 0, 45, 82.89, '2017-12-27'),
(47, 1, 0, 46, 98.26, '2017-12-27'),
(48, 1, 0, 47, 81.45, '2017-12-27'),
(49, 1, 0, 48, 82.89, '2017-12-27'),
(50, 1, 0, 49, 82.89, '2017-12-27'),
(51, 1, 1, 2, 170, '2017-12-27'),
(52, 1, 1, 4, 24, '2017-12-27'),
(53, 1, 1, 5, 30, '2017-12-27'),
(54, 1, 1, 6, 69761, '2017-12-27'),
(55, 1, 1, 7, 53881, '2017-12-27'),
(56, 1, 1, 9, 91.73, '2017-12-27'),
(57, 1, 1, 10, 8.27, '2017-12-27'),
(58, 1, 1, 11, 0, '2017-12-27'),
(59, 1, 1, 13, 76.89, '2017-12-27'),
(60, 1, 1, 14, 99.46, '2017-12-27'),
(61, 1, 1, 17, 17.169, '2017-12-27'),
(62, 1, 1, 18, 18.186, '2017-12-27'),
(63, 1, 1, 20, 0.56, '2017-12-27'),
(64, 1, 1, 21, 0.66, '2017-12-27'),
(65, 1, 1, 23, 0.639, '2017-12-27'),
(66, 1, 1, 24, 0.0229, '2017-12-27'),
(67, 1, 1, 26, 0.237, '2017-12-27'),
(68, 1, 1, 27, 0.0342, '2017-12-27'),
(69, 1, 1, 31, 0.55, '2017-12-27'),
(70, 1, 1, 33, 7.96, '2017-12-27'),
(71, 1, 1, 35, 0, '2017-12-27'),
(72, 1, 1, 36, 0.04, '2017-12-27'),
(73, 1, 1, 37, 60.6, '2017-12-27'),
(74, 1, 1, 38, 0.195, '2017-12-27'),
(75, 1, 1, 42, 3.32, '2017-12-27'),
(76, 1, 1, 50, 94, '2017-12-27'),
(77, 1, 1, 1, 200, '2017-12-27'),
(78, 1, 1, 3, 54, '2017-12-27'),
(79, 1, 1, 8, 77.24, '2017-12-27'),
(80, 1, 1, 12, 85, '2017-12-27'),
(81, 1, 1, 15, 65, '2017-12-27'),
(82, 1, 1, 16, 65.36, '2017-12-27'),
(83, 1, 1, 19, 1.02, '2017-12-27'),
(84, 1, 1, 22, 0.1, '2017-12-27'),
(85, 1, 1, 25, 18.17, '2017-12-27'),
(86, 1, 1, 28, 3.63, '2017-12-27'),
(87, 1, 1, 29, 0.11, '2017-12-27'),
(88, 1, 1, 30, 3.52, '2017-12-27'),
(89, 1, 1, 32, 8, '2017-12-27'),
(90, 1, 1, 34, 0.04, '2017-12-27'),
(91, 1, 1, 39, 25.47, '2017-12-27'),
(92, 1, 1, 40, 3.53, '2017-12-27'),
(93, 1, 1, 41, 3.33, '2017-12-27'),
(94, 1, 1, 43, 345.69, '2017-12-27'),
(95, 1, 1, 44, 99.5, '2017-12-27'),
(96, 1, 1, 45, 72.16, '2017-12-27'),
(97, 1, 1, 46, 98.97, '2017-12-27'),
(98, 1, 1, 47, 71.06, '2017-12-27'),
(99, 1, 1, 48, 71.8, '2017-12-27'),
(100, 1, 1, 49, 72.16, '2017-12-27'),
(101, 1, 2, 2, 172, '2017-12-27'),
(102, 1, 2, 4, 21, '2017-12-27'),
(103, 1, 2, 5, 32, '2017-12-27'),
(104, 1, 2, 6, 68812, '2017-12-27'),
(105, 1, 2, 7, 55432, '2017-12-27'),
(106, 1, 2, 9, 92.27, '2017-12-27'),
(107, 1, 2, 10, 7.73, '2017-12-27'),
(108, 1, 2, 11, 0, '2017-12-27'),
(109, 1, 2, 13, 79.79, '2017-12-27'),
(110, 1, 2, 14, 99.36, '2017-12-27'),
(111, 1, 2, 17, 16.942, '2017-12-27'),
(112, 1, 2, 18, 18.057, '2017-12-27'),
(113, 1, 2, 20, 0.581, '2017-12-27'),
(114, 1, 2, 21, 0.728, '2017-12-27'),
(115, 1, 2, 23, 0.701, '2017-12-27'),
(116, 1, 2, 24, 0.0264, '2017-12-27'),
(117, 1, 2, 26, 0.272, '2017-12-27'),
(118, 1, 2, 27, 0.0375, '2017-12-27'),
(119, 1, 2, 31, 0.66, '2017-12-27'),
(120, 1, 2, 33, 8, '2017-12-27'),
(121, 1, 2, 35, 0, '2017-12-27'),
(122, 1, 2, 36, 0, '2017-12-27'),
(123, 1, 2, 37, 55.2, '2017-12-27'),
(124, 1, 2, 38, 0.651, '2017-12-27'),
(125, 1, 2, 42, 3.069, '2017-12-27'),
(126, 1, 2, 50, 85, '2017-12-27'),
(127, 1, 2, 1, 204, '2017-12-27'),
(128, 1, 2, 3, 53, '2017-12-27'),
(129, 1, 2, 8, 80.56, '2017-12-27'),
(130, 1, 2, 12, 84.31, '2017-12-27'),
(131, 1, 2, 15, 66.84, '2017-12-27'),
(132, 1, 2, 16, 67.27, '2017-12-27'),
(133, 1, 2, 19, 1.12, '2017-12-27'),
(134, 1, 2, 22, 0.15, '2017-12-27'),
(135, 1, 2, 25, 18.03, '2017-12-27'),
(136, 1, 2, 28, 4.04, '2017-12-27'),
(137, 1, 2, 29, 0.17, '2017-12-27'),
(138, 1, 2, 30, 3.88, '2017-12-27'),
(139, 1, 2, 32, 8, '2017-12-27'),
(140, 1, 2, 34, 0, '2017-12-27'),
(141, 1, 2, 39, 25.6, '2017-12-27'),
(142, 1, 2, 40, 3.26, '2017-12-27'),
(143, 1, 2, 41, 3.06, '2017-12-27'),
(144, 1, 2, 43, 318.52, '2017-12-27'),
(145, 1, 2, 44, 100, '2017-12-27'),
(146, 1, 2, 45, 73.09, '2017-12-27'),
(147, 1, 2, 46, 96.53, '2017-12-27'),
(148, 1, 2, 47, 70.55, '2017-12-27'),
(149, 1, 2, 48, 73.09, '2017-12-27'),
(150, 1, 2, 49, 73.09, '2017-12-27'),
(151, 2, 0, 2, 141, '2017-12-27'),
(152, 2, 0, 4, 11, '2017-12-27'),
(153, 2, 0, 5, 24, '2017-12-27'),
(154, 2, 0, 6, 81205, '2017-12-27'),
(155, 2, 0, 7, 64735, '2017-12-27'),
(156, 2, 0, 9, 96, '2017-12-27'),
(157, 2, 0, 10, 3.68, '2017-12-27'),
(158, 2, 0, 11, 0.32, '2017-12-27'),
(159, 2, 0, 13, 80.95, '2017-12-27'),
(160, 2, 0, 14, 99.54, '2017-12-27'),
(161, 2, 0, 17, 18.581, '2017-12-27'),
(162, 2, 0, 18, 19.806, '2017-12-27'),
(163, 2, 0, 20, 0.667, '2017-12-27'),
(164, 2, 0, 21, 0.785, '2017-12-27'),
(165, 2, 0, 23, 19.736, '2017-12-27'),
(166, 2, 0, 24, 0.07, '2017-12-27'),
(167, 2, 0, 26, 0.293, '2017-12-27'),
(168, 2, 0, 27, 0.293, '2017-12-27'),
(169, 2, 0, 31, 0.46, '2017-12-27'),
(170, 2, 0, 33, 8, '2017-12-27'),
(171, 2, 0, 35, 0, '2017-12-27'),
(172, 2, 0, 36, 0, '2017-12-27'),
(173, 2, 0, 37, 0, '2017-12-27'),
(174, 2, 0, 38, 1.049, '2017-12-27'),
(175, 2, 0, 42, 3.18, '2017-12-27'),
(176, 2, 0, 50, 96, '2017-12-27'),
(177, 2, 0, 1, 165, '2017-12-27'),
(178, 2, 0, 3, 35, '2017-12-27'),
(179, 2, 0, 8, 79.72, '2017-12-27'),
(180, 2, 0, 12, 85.45, '2017-12-27'),
(181, 2, 0, 15, 68.85, '2017-12-27'),
(182, 2, 0, 16, 69.17, '2017-12-27'),
(183, 2, 0, 19, 1.23, '2017-12-27'),
(184, 2, 0, 22, 0.12, '2017-12-27'),
(185, 2, 0, 25, 19.74, '2017-12-27'),
(186, 2, 0, 28, 3.99, '2017-12-27'),
(187, 2, 0, 29, 0.35, '2017-12-27'),
(188, 2, 0, 30, 100, '2017-12-27'),
(189, 2, 0, 32, 8, '2017-12-27'),
(190, 2, 0, 34, 0, '2017-12-27'),
(191, 2, 0, 39, 25.6, '2017-12-27'),
(192, 2, 0, 40, 0, '2017-12-27'),
(193, 2, 0, 41, 0, '2017-12-27'),
(194, 2, 0, 43, 0, '2017-12-27'),
(195, 2, 0, 44, 100, '2017-12-27'),
(196, 2, 0, 45, 81.48, '2017-12-27'),
(197, 2, 0, 46, 94.97, '2017-12-27'),
(198, 2, 0, 47, 77.38, '2017-12-27'),
(199, 2, 0, 48, 81.48, '2017-12-27'),
(200, 2, 0, 49, 81.48, '2017-12-27'),
(201, 2, 1, 2, 134, '2017-12-27'),
(202, 2, 1, 4, 12, '2017-12-27'),
(203, 2, 1, 5, 30, '2017-12-27'),
(204, 2, 1, 6, 73133, '2017-12-27'),
(205, 2, 1, 7, 57936, '2017-12-27'),
(206, 2, 1, 9, 96.82, '2017-12-27'),
(207, 2, 1, 10, 2.45, '2017-12-27'),
(208, 2, 1, 11, 0.73, '2017-12-27'),
(209, 2, 1, 13, 79.31, '2017-12-27'),
(210, 2, 1, 14, 99.65, '2017-12-27'),
(211, 2, 1, 17, 14.65, '2017-12-27'),
(212, 2, 1, 18, 15.528, '2017-12-27'),
(213, 2, 1, 20, 0.643, '2017-12-27'),
(214, 2, 1, 21, 0.665, '2017-12-27'),
(215, 2, 1, 23, 15.483, '2017-12-27'),
(216, 2, 1, 24, 0.04, '2017-12-27'),
(217, 2, 1, 26, 0.245, '2017-12-27'),
(218, 2, 1, 27, 0.245, '2017-12-27'),
(219, 2, 1, 31, 0.36, '2017-12-27'),
(220, 2, 1, 33, 8, '2017-12-27'),
(221, 2, 1, 35, 0, '2017-12-27'),
(222, 2, 1, 36, 0, '2017-12-27'),
(223, 2, 1, 37, 0, '2017-12-27'),
(224, 2, 1, 38, 0.638, '2017-12-27'),
(225, 2, 1, 42, 3.39, '2017-12-27'),
(226, 2, 1, 50, 90, '2017-12-27'),
(227, 2, 1, 1, 164, '2017-12-27'),
(228, 2, 1, 3, 42, '2017-12-27'),
(229, 2, 1, 8, 79.22, '2017-12-27'),
(230, 2, 1, 12, 81.71, '2017-12-27'),
(231, 2, 1, 15, 64.58, '2017-12-27'),
(232, 2, 1, 16, 64.8, '2017-12-27'),
(233, 2, 1, 19, 0.88, '2017-12-27'),
(234, 2, 1, 22, 0.03, '2017-12-27'),
(235, 2, 1, 25, 15.49, '2017-12-27'),
(236, 2, 1, 28, 4.31, '2017-12-27'),
(237, 2, 1, 29, 0.26, '2017-12-27'),
(238, 2, 1, 30, 99.94, '2017-12-27'),
(239, 2, 1, 32, 8, '2017-12-27'),
(240, 2, 1, 34, 0, '2017-12-27'),
(241, 2, 1, 39, 25.6, '2017-12-27'),
(242, 2, 1, 40, 0, '2017-12-27'),
(243, 2, 1, 41, 0, '2017-12-27'),
(244, 2, 1, 43, 0, '2017-12-27'),
(245, 2, 1, 44, 100, '2017-12-27'),
(246, 2, 1, 45, 63.16, '2017-12-27'),
(247, 2, 1, 46, 96.04, '2017-12-27'),
(248, 2, 1, 47, 60.66, '2017-12-27'),
(249, 2, 1, 48, 63.16, '2017-12-27'),
(250, 2, 1, 49, 63.16, '2017-12-27'),
(251, 2, 2, 2, 120, '2017-12-27'),
(252, 2, 2, 4, 12, '2017-12-27'),
(253, 2, 2, 5, 44, '2017-12-27'),
(254, 2, 2, 6, 66759, '2017-12-27'),
(255, 2, 2, 7, 53048, '2017-12-27'),
(256, 2, 2, 9, 96.15, '2017-12-27'),
(257, 2, 2, 10, 2.44, '2017-12-27'),
(258, 2, 2, 11, 1.4, '2017-12-27'),
(259, 2, 2, 13, 79.48, '2017-12-27'),
(260, 2, 2, 14, 99.63, '2017-12-27'),
(261, 2, 2, 17, 13.977, '2017-12-27'),
(262, 2, 2, 18, 14.622, '2017-12-27'),
(263, 2, 2, 20, 0.573, '2017-12-27'),
(264, 2, 2, 21, 0.622, '2017-12-27'),
(265, 2, 2, 23, 14.573, '2017-12-27'),
(266, 2, 2, 24, 0.05, '2017-12-27'),
(267, 2, 2, 26, 0.232, '2017-12-27'),
(268, 2, 2, 27, 0.232, '2017-12-27'),
(269, 2, 2, 31, 0.37, '2017-12-27'),
(270, 2, 2, 33, 8, '2017-12-27'),
(271, 2, 2, 35, 0, '2017-12-27'),
(272, 2, 2, 36, 0, '2017-12-27'),
(273, 2, 2, 37, 0, '2017-12-27'),
(274, 2, 2, 38, 0.491, '2017-12-27'),
(275, 2, 2, 42, 3.37, '2017-12-27'),
(276, 2, 2, 50, 92, '2017-12-27'),
(277, 2, 2, 1, 164, '2017-12-27'),
(278, 2, 2, 3, 56, '2017-12-27'),
(279, 2, 2, 8, 79.46, '2017-12-27'),
(280, 2, 2, 12, 73.17, '2017-12-27'),
(281, 2, 2, 15, 57.94, '2017-12-27'),
(282, 2, 2, 16, 58.16, '2017-12-27'),
(283, 2, 2, 19, 0.64, '2017-12-27'),
(284, 2, 2, 22, 0.05, '2017-12-27'),
(285, 2, 2, 25, 14.57, '2017-12-27'),
(286, 2, 2, 28, 4.24, '2017-12-27'),
(287, 2, 2, 29, 0.34, '2017-12-27'),
(288, 2, 2, 30, 100, '2017-12-27'),
(289, 2, 2, 32, 8, '2017-12-27'),
(290, 2, 2, 34, 0, '2017-12-27'),
(291, 2, 2, 39, 25.6, '2017-12-27'),
(292, 2, 2, 40, 0, '2017-12-27'),
(293, 2, 2, 41, 0, '2017-12-27'),
(294, 2, 2, 43, 0, '2017-12-27'),
(295, 2, 2, 44, 100, '2017-12-27'),
(296, 2, 2, 45, 59.02, '2017-12-27'),
(297, 2, 2, 46, 96.76, '2017-12-27'),
(298, 2, 2, 47, 57.11, '2017-12-27'),
(299, 2, 2, 48, 59.02, '2017-12-27'),
(300, 2, 2, 49, 59.02, '2017-12-27'),
(301, 1, 0, 2, 177, '2017-12-28'),
(302, 1, 0, 4, 25, '2017-12-28'),
(303, 1, 0, 5, 24, '2017-12-28'),
(304, 1, 0, 6, 81205, '2017-12-28'),
(305, 1, 0, 7, 57555, '2017-12-28'),
(306, 1, 0, 9, 96.08, '2017-12-28'),
(307, 1, 0, 10, 3.92, '2017-12-28'),
(308, 1, 0, 11, 0, '2017-12-28'),
(309, 1, 0, 13, 78.22, '2017-12-28'),
(310, 1, 0, 14, 99.33, '2017-12-28'),
(311, 1, 0, 17, 16.5679, '2017-12-28'),
(312, 1, 0, 18, 17.68, '2017-12-28'),
(313, 1, 0, 20, 0.60405, '2017-12-28'),
(314, 1, 0, 21, 0.722021, '2017-12-28'),
(315, 1, 0, 23, 0.699272, '2017-12-28'),
(316, 1, 0, 24, 0.0227485, '2017-12-28'),
(317, 1, 0, 26, 0.271414, '2017-12-28'),
(318, 1, 0, 27, 0.0374872, '2017-12-28'),
(319, 1, 0, 31, 0.69, '2017-12-28'),
(320, 1, 0, 33, 8, '2017-12-28'),
(321, 1, 0, 35, 0, '2017-12-28'),
(322, 1, 0, 36, 0, '2017-12-28'),
(323, 1, 0, 37, 57, '2017-12-28'),
(324, 1, 0, 38, 0.507, '2017-12-28'),
(325, 1, 0, 42, 3.23, '2017-12-28'),
(326, 1, 0, 50, 89, '2017-12-28'),
(327, 1, 0, 1, 201, '2017-12-28'),
(328, 1, 0, 3, 49, '2017-12-28'),
(329, 1, 0, 8, 70.88, '2017-12-28'),
(330, 1, 0, 12, 88.06, '2017-12-28'),
(331, 1, 0, 15, 68.42, '2017-12-28'),
(332, 1, 0, 16, 68.88, '2017-12-28'),
(333, 1, 0, 19, 1.11, '2017-12-28'),
(334, 1, 0, 22, 0.12, '2017-12-28'),
(335, 1, 0, 25, 17.66, '2017-12-28'),
(336, 1, 0, 28, 4.07, '2017-12-28'),
(337, 1, 0, 29, 0.11, '2017-12-28'),
(338, 1, 0, 30, 3.96, '2017-12-28'),
(339, 1, 0, 32, 8, '2017-12-28'),
(340, 1, 0, 34, 0, '2017-12-28'),
(341, 1, 0, 39, 25.6, '2017-12-28'),
(342, 1, 0, 40, 3.44, '2017-12-28'),
(343, 1, 0, 41, 3.22, '2017-12-28'),
(344, 1, 0, 43, 3.36, '2017-12-28'),
(345, 1, 0, 44, 100, '2017-12-28'),
(346, 1, 0, 45, 71.05, '2017-12-28'),
(347, 1, 0, 46, 97.2, '2017-12-28'),
(348, 1, 0, 47, 69.06, '2017-12-28'),
(349, 1, 0, 48, 71.05, '2017-12-28'),
(350, 1, 0, 49, 71.05, '2017-12-28'),
(351, 1, 1, 2, 154, '2017-12-28'),
(352, 1, 1, 4, 27, '2017-12-28'),
(353, 1, 1, 5, 43, '2017-12-28'),
(354, 1, 1, 6, 73133, '2017-12-28'),
(355, 1, 1, 7, 51186, '2017-12-28'),
(356, 1, 1, 9, 97.27, '2017-12-28'),
(357, 1, 1, 10, 2.73, '2017-12-28'),
(358, 1, 1, 11, 0, '2017-12-28'),
(359, 1, 1, 13, 68.43, '2017-12-28'),
(360, 1, 1, 14, 99.5, '2017-12-28'),
(361, 1, 1, 17, 15.5313, '2017-12-28'),
(362, 1, 1, 18, 16.45, '2017-12-28'),
(363, 1, 1, 20, 0.517308, '2017-12-28'),
(364, 1, 1, 21, 0.619112, '2017-12-28'),
(365, 1, 1, 23, 0.601677, '2017-12-28'),
(366, 1, 1, 24, 0.0174358, '2017-12-28'),
(367, 1, 1, 26, 0.230973, '2017-12-28'),
(368, 1, 1, 27, 0.0317757, '2017-12-28'),
(369, 1, 1, 31, 0.5, '2017-12-28'),
(370, 1, 1, 33, 7.64, '2017-12-28'),
(371, 1, 1, 35, 0, '2017-12-28'),
(372, 1, 1, 36, 0.37, '2017-12-28'),
(373, 1, 1, 37, 57.8, '2017-12-28'),
(374, 1, 1, 38, 0.128, '2017-12-28'),
(375, 1, 1, 42, 3.42, '2017-12-28'),
(376, 1, 1, 50, 88, '2017-12-28'),
(377, 1, 1, 1, 197, '2017-12-28'),
(378, 1, 1, 3, 70, '2017-12-28'),
(379, 1, 1, 8, 69.99, '2017-12-28'),
(380, 1, 1, 12, 78.17, '2017-12-28'),
(381, 1, 1, 15, 53.22, '2017-12-28'),
(382, 1, 1, 16, 53.49, '2017-12-28'),
(383, 1, 1, 19, 0.92, '2017-12-28'),
(384, 1, 1, 22, 0.1, '2017-12-28'),
(385, 1, 1, 25, 16.43, '2017-12-28'),
(386, 1, 1, 28, 3.77, '2017-12-28'),
(387, 1, 1, 29, 0.12, '2017-12-28'),
(388, 1, 1, 30, 3.65, '2017-12-28'),
(389, 1, 1, 32, 8.01, '2017-12-28'),
(390, 1, 1, 34, 0.37, '2017-12-28'),
(391, 1, 1, 39, 24.45, '2017-12-28'),
(392, 1, 1, 40, 3.72, '2017-12-28'),
(393, 1, 1, 41, 3.51, '2017-12-28'),
(394, 1, 1, 43, 3.65, '2017-12-28'),
(395, 1, 1, 44, 95.38, '2017-12-28'),
(396, 1, 1, 45, 67.81, '2017-12-28'),
(397, 1, 1, 46, 99.22, '2017-12-28'),
(398, 1, 1, 47, 64.17, '2017-12-28'),
(399, 1, 1, 48, 64.68, '2017-12-28'),
(400, 1, 1, 49, 67.81, '2017-12-28'),
(401, 1, 2, 2, 146, '2017-12-28'),
(402, 1, 2, 4, 29, '2017-12-28'),
(403, 1, 2, 5, 49, '2017-12-28'),
(404, 1, 2, 6, 69508, '2017-12-28'),
(405, 1, 2, 7, 50111, '2017-12-28'),
(406, 1, 2, 9, 92.69, '2017-12-28'),
(407, 1, 2, 10, 7.31, '2017-12-28'),
(408, 1, 2, 11, 0, '2017-12-28'),
(409, 1, 2, 13, 65, '2017-12-28'),
(410, 1, 2, 14, 99.4, '2017-12-28'),
(411, 1, 2, 17, 16.5811, '2017-12-28'),
(412, 1, 2, 18, 17.49, '2017-12-28'),
(413, 1, 2, 20, 0.484784, '2017-12-28'),
(414, 1, 2, 21, 0.598499, '2017-12-28'),
(415, 1, 2, 23, 0.582825, '2017-12-28'),
(416, 1, 2, 24, 0.0156738, '2017-12-28'),
(417, 1, 2, 26, 0.22478, '2017-12-28'),
(418, 1, 2, 27, 0.0310181, '2017-12-28'),
(419, 1, 2, 31, 0.61, '2017-12-28'),
(420, 1, 2, 33, 8, '2017-12-28'),
(421, 1, 2, 35, 0, '2017-12-28'),
(422, 1, 2, 36, 0, '2017-12-28'),
(423, 1, 2, 37, 47.1, '2017-12-28'),
(424, 1, 2, 38, 0.373, '2017-12-28'),
(425, 1, 2, 42, 3, '2017-12-28'),
(426, 1, 2, 50, 80, '2017-12-28'),
(427, 1, 2, 1, 195, '2017-12-28'),
(428, 1, 2, 3, 78, '2017-12-28'),
(429, 1, 2, 8, 72.09, '2017-12-28'),
(430, 1, 2, 12, 74.87, '2017-12-28'),
(431, 1, 2, 15, 48.37, '2017-12-28'),
(432, 1, 2, 16, 48.67, '2017-12-28'),
(433, 1, 2, 19, 0.91, '2017-12-28'),
(434, 1, 2, 22, 0.12, '2017-12-28'),
(435, 1, 2, 25, 17.47, '2017-12-28'),
(436, 1, 2, 28, 3.43, '2017-12-28'),
(437, 1, 2, 29, 0.11, '2017-12-28'),
(438, 1, 2, 30, 3.32, '2017-12-28'),
(439, 1, 2, 32, 8, '2017-12-28'),
(440, 1, 2, 34, 0, '2017-12-28'),
(441, 1, 2, 39, 25.6, '2017-12-28'),
(442, 1, 2, 40, 2.84, '2017-12-28'),
(443, 1, 2, 41, 2.69, '2017-12-28'),
(444, 1, 2, 43, 2.79, '2017-12-28'),
(445, 1, 2, 44, 100, '2017-12-28'),
(446, 1, 2, 45, 69.77, '2017-12-28'),
(447, 1, 2, 46, 97.93, '2017-12-28'),
(448, 1, 2, 47, 68.33, '2017-12-28'),
(449, 1, 2, 48, 69.77, '2017-12-28'),
(450, 1, 2, 49, 69.77, '2017-12-28'),
(451, 2, 0, 2, 139, '2017-12-28'),
(452, 2, 0, 4, 37, '2017-12-28'),
(453, 2, 0, 5, 13, '2017-12-28'),
(454, 2, 0, 6, 76960, '2017-12-28'),
(455, 2, 0, 7, 61745, '2017-12-28'),
(456, 2, 0, 9, 96.86, '2017-12-28'),
(457, 2, 0, 10, 2.91, '2017-12-28'),
(458, 2, 0, 11, 0.23, '2017-12-28'),
(459, 2, 0, 13, 78.46, '2017-12-28'),
(460, 2, 0, 14, 99.58, '2017-12-28'),
(461, 2, 0, 17, 16.5063, '2017-12-28'),
(462, 2, 0, 18, 17.6419, '2017-12-28'),
(463, 2, 0, 20, 0.659374, '2017-12-28'),
(464, 2, 0, 21, 0.804312, '2017-12-28'),
(465, 2, 0, 23, 0.748646, '2017-12-28'),
(466, 2, 0, 24, 0.0556658, '2017-12-28'),
(467, 2, 0, 26, 0.30373, '2017-12-28'),
(468, 2, 0, 27, 0.0420083, '2017-12-28'),
(469, 2, 0, 31, 0.43, '2017-12-28'),
(470, 2, 0, 33, 8, '2017-12-28'),
(471, 2, 0, 35, 0, '2017-12-28'),
(472, 2, 0, 36, 0, '2017-12-28'),
(473, 2, 0, 37, 55.7, '2017-12-28'),
(474, 2, 0, 38, 1.08, '2017-12-28'),
(475, 2, 0, 42, 3.17, '2017-12-28'),
(476, 2, 0, 50, 73, '2017-12-28'),
(477, 2, 0, 1, 152, '2017-12-28'),
(478, 2, 0, 3, 50, '2017-12-28'),
(479, 2, 0, 8, 80.23, '2017-12-28'),
(480, 2, 0, 12, 91.45, '2017-12-28'),
(481, 2, 0, 15, 71.45, '2017-12-28'),
(482, 2, 0, 16, 71.75, '2017-12-28'),
(483, 2, 0, 19, 1.13, '2017-12-28'),
(484, 2, 0, 22, 0.14, '2017-12-28'),
(485, 2, 0, 25, 17.58, '2017-12-28'),
(486, 2, 0, 28, 4.54, '2017-12-28'),
(487, 2, 0, 29, 0.34, '2017-12-28'),
(488, 2, 0, 30, 4.27, '2017-12-28'),
(489, 2, 0, 32, 8, '2017-12-28'),
(490, 2, 0, 34, 0, '2017-12-28'),
(491, 2, 0, 39, 25.6, '2017-12-28'),
(492, 2, 0, 40, 3.37, '2017-12-28'),
(493, 2, 0, 41, 3.16, '2017-12-28'),
(494, 2, 0, 43, 3.31, '2017-12-28'),
(495, 2, 0, 44, 100, '2017-12-28'),
(496, 2, 0, 45, 73.13, '2017-12-28'),
(497, 2, 0, 46, 94.23, '2017-12-28'),
(498, 2, 0, 47, 68.91, '2017-12-28'),
(499, 2, 0, 48, 73.13, '2017-12-28'),
(500, 2, 0, 49, 73.13, '2017-12-28'),
(501, 2, 1, 2, 129, '2017-12-28'),
(502, 2, 1, 4, 47, '2017-12-28'),
(503, 2, 1, 5, 14, '2017-12-28'),
(504, 2, 1, 6, 72040, '2017-12-28'),
(505, 2, 1, 7, 55433, '2017-12-28'),
(506, 2, 1, 9, 96.69, '2017-12-28'),
(507, 2, 1, 10, 2.35, '2017-12-28'),
(508, 2, 1, 11, 0.96, '2017-12-28'),
(509, 2, 1, 13, 73.01, '2017-12-28'),
(510, 2, 1, 14, 99.6, '2017-12-28'),
(511, 2, 1, 17, 13.9057, '2017-12-28'),
(512, 2, 1, 18, 14.7031, '2017-12-28'),
(513, 2, 1, 20, 0.615246, '2017-12-28'),
(514, 2, 1, 21, 0.633621, '2017-12-28'),
(515, 2, 1, 23, 0.591282, '2017-12-28'),
(516, 2, 1, 24, 0.0423387, '2017-12-28'),
(517, 2, 1, 26, 0.236706, '2017-12-28'),
(518, 2, 1, 27, 0.0330378, '2017-12-28'),
(519, 2, 1, 31, 0.4, '2017-12-28'),
(520, 2, 1, 33, 8, '2017-12-28'),
(521, 2, 1, 35, 0, '2017-12-28'),
(522, 2, 1, 36, 0, '2017-12-28'),
(523, 2, 1, 37, 50.1, '2017-12-28'),
(524, 2, 1, 38, 0.634, '2017-12-28'),
(525, 2, 1, 42, 3.43, '2017-12-28'),
(526, 2, 1, 50, 91, '2017-12-28'),
(527, 2, 1, 1, 143, '2017-12-28'),
(528, 2, 1, 3, 61, '2017-12-28'),
(529, 2, 1, 8, 76.95, '2017-12-28'),
(530, 2, 1, 12, 90.21, '2017-12-28'),
(531, 2, 1, 15, 65.6, '2017-12-28'),
(532, 2, 1, 16, 65.86, '2017-12-28'),
(533, 2, 1, 19, 0.79, '2017-12-28'),
(534, 2, 1, 22, 0.01, '2017-12-28'),
(535, 2, 1, 25, 14.66, '2017-12-28'),
(536, 2, 1, 28, 4.29, '2017-12-28'),
(537, 2, 1, 29, 0.27, '2017-12-28'),
(538, 2, 1, 30, 4.02, '2017-12-28'),
(539, 2, 1, 32, 8, '2017-12-28'),
(540, 2, 1, 34, 0, '2017-12-28'),
(541, 2, 1, 39, 25.6, '2017-12-28'),
(542, 2, 1, 40, 3.6, '2017-12-28'),
(543, 2, 1, 41, 3.41, '2017-12-28'),
(544, 2, 1, 43, 3.56, '2017-12-28'),
(545, 2, 1, 44, 100, '2017-12-28'),
(546, 2, 1, 45, 59.88, '2017-12-28'),
(547, 2, 1, 46, 95.89, '2017-12-28'),
(548, 2, 1, 47, 57.42, '2017-12-28'),
(549, 2, 1, 48, 59.88, '2017-12-28'),
(550, 2, 1, 49, 59.88, '2017-12-28'),
(551, 2, 2, 2, 119, '2017-12-28'),
(552, 2, 2, 4, 57, '2017-12-28'),
(553, 2, 2, 5, 11, '2017-12-28'),
(554, 2, 2, 6, 73065, '2017-12-28'),
(555, 2, 2, 7, 54448, '2017-12-28'),
(556, 2, 2, 9, 95.68, '2017-12-28'),
(557, 2, 2, 10, 2.45, '2017-12-28'),
(558, 2, 2, 11, 1.87, '2017-12-28'),
(559, 2, 2, 13, 67.54, '2017-12-28'),
(560, 2, 2, 14, 99.62, '2017-12-28'),
(561, 2, 2, 17, 15.198, '2017-12-28'),
(562, 2, 2, 18, 15.9604, '2017-12-28'),
(563, 2, 2, 20, 0.566341, '2017-12-28'),
(564, 2, 2, 21, 0.663189, '2017-12-28'),
(565, 2, 2, 23, 0.61998, '2017-12-28'),
(566, 2, 2, 24, 0.0432095, '2017-12-28'),
(567, 2, 2, 26, 0.250025, '2017-12-28'),
(568, 2, 2, 27, 0.0344525, '2017-12-28'),
(569, 2, 2, 31, 0.39, '2017-12-28'),
(570, 2, 2, 33, 8, '2017-12-28'),
(571, 2, 2, 35, 0, '2017-12-28'),
(572, 2, 2, 36, 0, '2017-12-28'),
(573, 2, 2, 37, 46.7, '2017-12-28'),
(574, 2, 2, 38, 0.392, '2017-12-28'),
(575, 2, 2, 42, 3, '2017-12-28'),
(576, 2, 2, 50, 92, '2017-12-28'),
(577, 2, 2, 1, 130, '2017-12-28'),
(578, 2, 2, 3, 68, '2017-12-28'),
(579, 2, 2, 8, 74.52, '2017-12-28'),
(580, 2, 2, 12, 91.54, '2017-12-28'),
(581, 2, 2, 15, 61.59, '2017-12-28'),
(582, 2, 2, 16, 61.83, '2017-12-28'),
(583, 2, 2, 19, 0.76, '2017-12-28'),
(584, 2, 2, 22, 0.09, '2017-12-28'),
(585, 2, 2, 25, 15.92, '2017-12-28'),
(586, 2, 2, 28, 4.14, '2017-12-28'),
(587, 2, 2, 29, 0.25, '2017-12-28'),
(588, 2, 2, 30, 3.89, '2017-12-28'),
(589, 2, 2, 32, 8, '2017-12-28'),
(590, 2, 2, 34, 0, '2017-12-28'),
(591, 2, 2, 39, 25.6, '2017-12-28'),
(592, 2, 2, 40, 3.07, '2017-12-28'),
(593, 2, 2, 41, 2.93, '2017-12-28'),
(594, 2, 2, 43, 3.05, '2017-12-28'),
(595, 2, 2, 44, 100, '2017-12-28'),
(596, 2, 2, 45, 63.87, '2017-12-28'),
(597, 2, 2, 46, 97.61, '2017-12-28'),
(598, 2, 2, 47, 62.34, '2017-12-28'),
(599, 2, 2, 48, 63.87, '2017-12-28'),
(600, 2, 2, 49, 63.87, '2017-12-28');

-- --------------------------------------------------------

--
-- Table structure for table `languages`
--

CREATE TABLE `languages` (
  `id` int(11) NOT NULL,
  `name` varchar(100) COLLATE utf8_unicode_ci NOT NULL,
  `symbol` varchar(20) COLLATE utf8_unicode_ci NOT NULL,
  `direction` varchar(10) COLLATE utf8_unicode_ci NOT NULL,
  `sort` int(11) NOT NULL,
  `is_default` tinyint(1) NOT NULL DEFAULT '0',
  `is_active` tinyint(1) NOT NULL,
  `created_at` datetime NOT NULL,
  `updated_at` datetime NOT NULL,
  `deleted_at` datetime DEFAULT NULL
) ENGINE=InnoDB DEFAULT CHARSET=utf8 COLLATE=utf8_unicode_ci;

--
-- Dumping data for table `languages`
--

INSERT INTO `languages` (`id`, `name`, `symbol`, `direction`, `sort`, `is_default`, `is_active`, `created_at`, `updated_at`, `deleted_at`) VALUES
(1, 'English', 'en', 'ltr', 0, 1, 1, '2017-08-27 08:24:26', '2017-09-28 09:16:44', NULL),
(2, 'عربى', 'ar', 'rtl', 1, 0, 1, '2017-08-28 10:08:57', '2017-10-29 14:13:43', NULL);

-- --------------------------------------------------------

--
-- Table structure for table `pages`
--

CREATE TABLE `pages` (
  `id` int(11) NOT NULL,
  `page` varchar(300) COLLATE utf8_unicode_ci NOT NULL,
  `link` varchar(200) COLLATE utf8_unicode_ci NOT NULL,
  `sort` int(11) NOT NULL DEFAULT '3000',
  `created_at` datetime NOT NULL,
  `updated_at` datetime NOT NULL
) ENGINE=InnoDB DEFAULT CHARSET=utf8 COLLATE=utf8_unicode_ci;

--
-- Dumping data for table `pages`
--

INSERT INTO `pages` (`id`, `page`, `link`, `sort`, `created_at`, `updated_at`) VALUES
(1, 'Input Kpi Values , Edit , Delete / إدخال بيانات المعايير  و تعديلها و حذفها', 'backend/kpisvalues', 0, '2017-12-25 14:01:17', '2017-12-27 23:28:09'),
(2, 'Master Show / عرض التقرير اليومي', 'backend/bigshow', 1, '2017-12-25 14:04:00', '2017-12-27 23:28:37'),
(3, 'Charts /  الرسوم البيانية للتقارير', 'backend/charts', 2, '2017-12-25 14:05:35', '2017-12-27 23:32:28'),
(4, 'Backend users', 'backend/backend-users', 3, '2018-01-01 15:02:27', '2018-01-01 15:44:48');

-- --------------------------------------------------------

--
-- Table structure for table `pages_actions`
--

CREATE TABLE `pages_actions` (
  `id` int(11) NOT NULL,
  `name` varchar(100) COLLATE utf8_unicode_ci NOT NULL,
  `action` varchar(300) COLLATE utf8_unicode_ci NOT NULL,
  `page_id` int(11) NOT NULL,
  `created_at` datetime NOT NULL,
  `updated_at` datetime NOT NULL
) ENGINE=InnoDB DEFAULT CHARSET=utf8 COLLATE=utf8_unicode_ci;

--
-- Dumping data for table `pages_actions`
--

INSERT INTO `pages_actions` (`id`, `name`, `action`, `page_id`, `created_at`, `updated_at`) VALUES
(1, 'Input Kpi Values , Edit , Delete / إدخال بيانات المعايير  و تعديلها و حذفها', 'kpisvalues', 1, '2017-12-25 14:01:51', '2017-12-27 23:34:06'),
(2, 'Master Show / عرض التقرير اليومي', 'bigshow', 2, '2017-12-25 14:05:02', '2018-01-01 15:15:55'),
(3, 'Charts / الرسوم البيانية للتقارير', 'charts', 3, '2017-12-25 14:05:58', '2017-12-27 23:34:44'),
(4, 'Backend users / ادخال مستخدمين - تعديل - حذف', 'backendusers', 4, '2018-01-01 15:14:55', '2018-01-01 15:14:55');

-- --------------------------------------------------------

--
-- Table structure for table `production_lines`
--

CREATE TABLE `production_lines` (
  `id` int(11) NOT NULL,
  `line` varchar(255) NOT NULL,
  `date` timestamp NOT NULL DEFAULT CURRENT_TIMESTAMP
) ENGINE=InnoDB DEFAULT CHARSET=utf8;

--
-- Dumping data for table `production_lines`
--

INSERT INTO `production_lines` (`id`, `line`, `date`) VALUES
(1, 'line 3', '2017-12-10 11:35:38'),
(2, 'line 4', '2017-12-10 11:35:44');

-- --------------------------------------------------------

--
-- Table structure for table `roles`
--

CREATE TABLE `roles` (
  `id` int(11) NOT NULL,
  `name` varchar(300) COLLATE utf8_unicode_ci NOT NULL,
  `is_super` tinyint(1) NOT NULL,
  `created_at` datetime NOT NULL,
  `updated_at` datetime NOT NULL
) ENGINE=InnoDB DEFAULT CHARSET=utf8 COLLATE=utf8_unicode_ci;

--
-- Dumping data for table `roles`
--

INSERT INTO `roles` (`id`, `name`, `is_super`, `created_at`, `updated_at`) VALUES
(1, 'Super Admin', 1, '2017-08-28 08:27:28', '2017-09-07 08:53:34'),
(3, 'Admin', 0, '2017-10-24 09:24:34', '2017-10-24 09:24:34'),
(4, 'User', 0, '2017-11-14 12:23:16', '2018-01-01 12:50:17'),
(5, 'Central Maintenance Manager', 0, '2018-01-01 14:50:49', '2018-01-01 14:50:49');

-- --------------------------------------------------------

--
-- Table structure for table `role_actions`
--

CREATE TABLE `role_actions` (
  `id` int(11) NOT NULL,
  `action_id` int(11) NOT NULL,
  `role_id` int(11) NOT NULL,
  `created_at` datetime NOT NULL,
  `updated_at` datetime NOT NULL
) ENGINE=InnoDB DEFAULT CHARSET=utf8 COLLATE=utf8_unicode_ci;

--
-- Dumping data for table `role_actions`
--

INSERT INTO `role_actions` (`id`, `action_id`, `role_id`, `created_at`, `updated_at`) VALUES
(1, 2, 3, '2017-12-25 14:06:41', '2017-12-25 14:06:41'),
(2, 3, 3, '2017-12-25 14:06:41', '2017-12-25 14:06:41'),
(3, 2, 4, '2018-01-01 12:45:14', '2018-01-01 12:45:14'),
(4, 3, 4, '2018-01-01 12:45:14', '2018-01-01 12:45:14'),
(6, 1, 4, '2018-01-01 13:10:23', '2018-01-01 13:10:23'),
(7, 2, 5, '2018-01-01 14:51:14', '2018-01-01 14:51:14'),
(8, 3, 5, '2018-01-01 14:51:14', '2018-01-01 14:51:14');

-- --------------------------------------------------------

--
-- Table structure for table `settings`
--

CREATE TABLE `settings` (
  `id` int(11) NOT NULL,
  `key` varchar(50) COLLATE utf8_unicode_ci NOT NULL,
  `value` text COLLATE utf8_unicode_ci NOT NULL,
  `type` int(5) NOT NULL COMMENT '1=>textbox,2=>chec0kbox,3=>texterea,4=>image',
  `order` int(2) NOT NULL,
  `created_at` datetime NOT NULL,
  `updated_at` datetime NOT NULL
) ENGINE=InnoDB DEFAULT CHARSET=utf8 COLLATE=utf8_unicode_ci;

--
-- Dumping data for table `settings`
--

INSERT INTO `settings` (`id`, `key`, `value`, `type`, `order`, `created_at`, `updated_at`) VALUES
(1, 'title_home_page', 'Corona', 1, 0, '0000-00-00 00:00:00', '2017-10-22 13:32:39'),
(2, 'meta_keywords', 'meta keywords', 3, 0, '0000-00-00 00:00:00', '0000-00-00 00:00:00'),
(3, 'meta_description', 'meta description', 3, 0, '0000-00-00 00:00:00', '0000-00-00 00:00:00'),
(4, 'support_email', 'info@domain.com', 1, 0, '0000-00-00 00:00:00', '0000-00-00 00:00:00'),
(8, 'facebook_link', 'https://www.facebook.com/Corona-For-Chocolate-and-Biscuits-604666256408699/?hc_ref=ARSwH_6umCJ35nWgt2zVq5SpD0Pc5M5GJijqdYhljgt8WtMj1tkZPFl9VEE79tVbx2M&fref=nf', 1, 0, '0000-00-00 00:00:00', '2017-11-06 10:00:32'),
(9, 'twitter_link', '', 1, 0, '0000-00-00 00:00:00', '2017-10-29 14:05:34'),
(10, 'instagram_link', '', 1, 0, '0000-00-00 00:00:00', '2017-10-29 14:05:34'),
(11, 'youtube_link', '', 1, 0, '0000-00-00 00:00:00', '2017-10-29 14:05:34'),
(12, 'email_contact_form', 'hr@domain.com', 1, 1, '0000-00-00 00:00:00', '0000-00-00 00:00:00'),
(13, 'email_online_shopping_form', 'hr@domain.com', 1, 1, '0000-00-00 00:00:00', '0000-00-00 00:00:00'),
(14, 'email_career_form', 'hr@domain.com', 1, 1, '0000-00-00 00:00:00', '0000-00-00 00:00:00'),
(15, 'facebook_bimbo_link', 'hr@domain.com', 1, 1, '0000-00-00 00:00:00', '0000-00-00 00:00:00'),
(16, 'linkedin_link', 'https://www.facebook.com/Corona-For-Chocolate-and-Biscuits-604666256408699/?hc_ref=ARSwH_6umCJ35nWgt2zVq5SpD0Pc5M5GJijqdYhljgt8WtMj1tkZPFl9VEE79tVbx2M&fref=nf', 1, 0, '0000-00-00 00:00:00', '2017-11-06 10:00:32');

-- --------------------------------------------------------

--
-- Table structure for table `static_pages`
--

CREATE TABLE `static_pages` (
  `id` int(11) NOT NULL,
  `slug` varchar(100) COLLATE utf8_unicode_ci NOT NULL,
  `image` varchar(100) COLLATE utf8_unicode_ci DEFAULT NULL,
  `is_active` tinyint(1) NOT NULL,
  `created_at` datetime NOT NULL,
  `updated_at` datetime NOT NULL
) ENGINE=InnoDB DEFAULT CHARSET=utf8 COLLATE=utf8_unicode_ci;

--
-- Dumping data for table `static_pages`
--

INSERT INTO `static_pages` (`id`, `slug`, `image`, `is_active`, `created_at`, `updated_at`) VALUES
(1, 'about-us', NULL, 1, '2017-08-27 08:52:39', '2017-09-07 09:31:24');

-- --------------------------------------------------------

--
-- Table structure for table `static_page_languages`
--

CREATE TABLE `static_page_languages` (
  `id` int(11) NOT NULL,
  `table_id` int(11) NOT NULL,
  `language_id` int(11) NOT NULL,
  `name` varchar(255) COLLATE utf8_unicode_ci NOT NULL,
  `description` text COLLATE utf8_unicode_ci NOT NULL,
  `meta_keywords` text COLLATE utf8_unicode_ci,
  `meta_description` text COLLATE utf8_unicode_ci,
  `created_by` int(11) NOT NULL,
  `created_at` datetime NOT NULL,
  `updated_at` datetime NOT NULL
) ENGINE=InnoDB DEFAULT CHARSET=utf8 COLLATE=utf8_unicode_ci;

--
-- Dumping data for table `static_page_languages`
--

INSERT INTO `static_page_languages` (`id`, `table_id`, `language_id`, `name`, `description`, `meta_keywords`, `meta_description`, `created_by`, `created_at`, `updated_at`) VALUES
(1, 1, 1, 'About Us', '<p><img class="fr-dib" src="./uploads/editor/12031948168.jpg" style="width: 300px;">text About Us</p>', 'dfg', 'dfgfgf', 1, '2017-08-27 08:52:39', '2017-08-29 07:58:43'),
(2, 1, 2, 'من نحن', '<p>من نحن</p>', NULL, NULL, 1, '2017-08-28 14:35:01', '2017-08-28 14:35:01');

--
-- Indexes for dumped tables
--

--
-- Indexes for table `backend_users`
--
ALTER TABLE `backend_users`
  ADD PRIMARY KEY (`id`),
  ADD KEY `role_id` (`role_id`),
  ADD KEY `is_active` (`is_active`),
  ADD KEY `language_id` (`language_id`);

--
-- Indexes for table `checkdate`
--
ALTER TABLE `checkdate`
  ADD PRIMARY KEY (`id`);

--
-- Indexes for table `cpanel`
--
ALTER TABLE `cpanel`
  ADD PRIMARY KEY (`id`),
  ADD KEY `created_by` (`created_by`);

--
-- Indexes for table `image_manager`
--
ALTER TABLE `image_manager`
  ADD PRIMARY KEY (`id`),
  ADD UNIQUE KEY `image_manager_name_unique` (`name`);

--
-- Indexes for table `kpis`
--
ALTER TABLE `kpis`
  ADD PRIMARY KEY (`id`);

--
-- Indexes for table `kpis_values`
--
ALTER TABLE `kpis_values`
  ADD PRIMARY KEY (`id`),
  ADD KEY `line_id` (`line_id`),
  ADD KEY `kpi_id` (`kpi_id`),
  ADD KEY `shift` (`shift`);

--
-- Indexes for table `languages`
--
ALTER TABLE `languages`
  ADD PRIMARY KEY (`id`),
  ADD KEY `is_active` (`is_active`);

--
-- Indexes for table `pages`
--
ALTER TABLE `pages`
  ADD PRIMARY KEY (`id`),
  ADD KEY `page` (`page`(255));

--
-- Indexes for table `pages_actions`
--
ALTER TABLE `pages_actions`
  ADD PRIMARY KEY (`id`),
  ADD KEY `page_id` (`page_id`);

--
-- Indexes for table `production_lines`
--
ALTER TABLE `production_lines`
  ADD PRIMARY KEY (`id`);

--
-- Indexes for table `roles`
--
ALTER TABLE `roles`
  ADD PRIMARY KEY (`id`);

--
-- Indexes for table `role_actions`
--
ALTER TABLE `role_actions`
  ADD PRIMARY KEY (`id`),
  ADD KEY `role_id` (`role_id`),
  ADD KEY `page_id` (`action_id`);

--
-- Indexes for table `settings`
--
ALTER TABLE `settings`
  ADD PRIMARY KEY (`id`);

--
-- Indexes for table `static_pages`
--
ALTER TABLE `static_pages`
  ADD PRIMARY KEY (`id`),
  ADD UNIQUE KEY `slug` (`slug`),
  ADD KEY `is_active` (`is_active`);

--
-- Indexes for table `static_page_languages`
--
ALTER TABLE `static_page_languages`
  ADD PRIMARY KEY (`id`),
  ADD KEY `language_id` (`language_id`),
  ADD KEY `table_id` (`table_id`),
  ADD KEY `created_by` (`created_by`);

--
-- AUTO_INCREMENT for dumped tables
--

--
-- AUTO_INCREMENT for table `backend_users`
--
ALTER TABLE `backend_users`
  MODIFY `id` int(11) NOT NULL AUTO_INCREMENT, AUTO_INCREMENT=5;
--
-- AUTO_INCREMENT for table `checkdate`
--
ALTER TABLE `checkdate`
  MODIFY `id` int(11) NOT NULL AUTO_INCREMENT, AUTO_INCREMENT=2;
--
-- AUTO_INCREMENT for table `cpanel`
--
ALTER TABLE `cpanel`
  MODIFY `id` int(11) NOT NULL AUTO_INCREMENT;
--
-- AUTO_INCREMENT for table `image_manager`
--
ALTER TABLE `image_manager`
  MODIFY `id` int(10) UNSIGNED NOT NULL AUTO_INCREMENT;
--
-- AUTO_INCREMENT for table `kpis`
--
ALTER TABLE `kpis`
  MODIFY `id` int(11) NOT NULL AUTO_INCREMENT, AUTO_INCREMENT=51;
--
-- AUTO_INCREMENT for table `kpis_values`
--
ALTER TABLE `kpis_values`
  MODIFY `id` double NOT NULL AUTO_INCREMENT, AUTO_INCREMENT=601;
--
-- AUTO_INCREMENT for table `languages`
--
ALTER TABLE `languages`
  MODIFY `id` int(11) NOT NULL AUTO_INCREMENT, AUTO_INCREMENT=3;
--
-- AUTO_INCREMENT for table `pages`
--
ALTER TABLE `pages`
  MODIFY `id` int(11) NOT NULL AUTO_INCREMENT, AUTO_INCREMENT=5;
--
-- AUTO_INCREMENT for table `pages_actions`
--
ALTER TABLE `pages_actions`
  MODIFY `id` int(11) NOT NULL AUTO_INCREMENT, AUTO_INCREMENT=5;
--
-- AUTO_INCREMENT for table `production_lines`
--
ALTER TABLE `production_lines`
  MODIFY `id` int(11) NOT NULL AUTO_INCREMENT, AUTO_INCREMENT=3;
--
-- AUTO_INCREMENT for table `roles`
--
ALTER TABLE `roles`
  MODIFY `id` int(11) NOT NULL AUTO_INCREMENT, AUTO_INCREMENT=6;
--
-- AUTO_INCREMENT for table `role_actions`
--
ALTER TABLE `role_actions`
  MODIFY `id` int(11) NOT NULL AUTO_INCREMENT, AUTO_INCREMENT=9;
--
-- AUTO_INCREMENT for table `settings`
--
ALTER TABLE `settings`
  MODIFY `id` int(11) NOT NULL AUTO_INCREMENT, AUTO_INCREMENT=17;
--
-- AUTO_INCREMENT for table `static_pages`
--
ALTER TABLE `static_pages`
  MODIFY `id` int(11) NOT NULL AUTO_INCREMENT, AUTO_INCREMENT=2;
--
-- AUTO_INCREMENT for table `static_page_languages`
--
ALTER TABLE `static_page_languages`
  MODIFY `id` int(11) NOT NULL AUTO_INCREMENT, AUTO_INCREMENT=3;
--
-- Constraints for dumped tables
--

--
-- Constraints for table `backend_users`
--
ALTER TABLE `backend_users`
  ADD CONSTRAINT `backend_users_ibfk_1` FOREIGN KEY (`role_id`) REFERENCES `roles` (`id`) ON DELETE SET NULL,
  ADD CONSTRAINT `backend_users_ibfk_2` FOREIGN KEY (`language_id`) REFERENCES `languages` (`id`) ON DELETE SET NULL ON UPDATE SET NULL;

--
-- Constraints for table `kpis_values`
--
ALTER TABLE `kpis_values`
  ADD CONSTRAINT `kpis_values_ibfk_1` FOREIGN KEY (`line_id`) REFERENCES `production_lines` (`id`) ON DELETE NO ACTION ON UPDATE NO ACTION,
  ADD CONSTRAINT `kpis_values_ibfk_2` FOREIGN KEY (`kpi_id`) REFERENCES `kpis` (`id`) ON DELETE NO ACTION ON UPDATE NO ACTION;

/*!40101 SET CHARACTER_SET_CLIENT=@OLD_CHARACTER_SET_CLIENT */;
/*!40101 SET CHARACTER_SET_RESULTS=@OLD_CHARACTER_SET_RESULTS */;
/*!40101 SET COLLATION_CONNECTION=@OLD_COLLATION_CONNECTION */;
